{
    "temp": {
        "1": {
            "temp_id":79342,
            "key": "header",
            "value": ""
        },
        "2": {
            "temp_id":79342,
            "key": "product_mobile_web_url",
            "value": ""
        },
        
        "3": {
            "temp_id":79342,
            "key": "text_item_1_summ_desc",
            "value": ""
        },
        "4": {
            "temp_id":79342,
            "key": "text_item_1_title",
            "value": ""
        },
        "5": {
            "temp_id":79342,
            "key": "product_web_url",
            "value": ""
        },
        "6": {
            "temp_id":79342,
            "key": "image_item_category",
            "value": ""
        },
        "7": {
            "temp_id":79342,
            "key": "text_item_2_title",
            "value": ""
        },
        "8": {
            "temp_id":79342,
            "key": "text_item_1_desc",
            "value": ""
        },
        "9": {
            "temp_id":79342,
            "key": "button_name",
            "value": ""
        },
        "10": {
            "temp_id":79342,
            "key": "text_item_2_desc",
            "value": ""
        },
        "11": {
            "temp_id":79342,
            "key": "image_item_image",
            "value": ""
        },
        "12": {
            "temp_id":79342,
            "key": "image_item_title",
            "value": ""
        },
        "13": {
            "temp_id":79342,
            "key": "main_image",
            "value": ""
        },
        "14": {
            "temp_id":79342,
            "key": "text_item_1_summ_title",
            "value": ""
        }
    }
}